upper_ns,count
9535,1
9663,1
9727,1
9791,4
9855,9
9919,19
9983,45
10047,95
10111,176
10175,258
10239,356
10303,494
10367,724
10431,964
10495,1250
10559,1521
10623,1778
10687,2125
10751,2429
10815,2739
10879,3046
10943,3298
11007,3634
11071,3957
11135,4260
11199,4474
11263,4936
11327,5109
11391,5537
11455,5994
11519,6353
11583,6678
11647,6760
11711,6599
11775,6281
11839,5492
11903,5027
11967,4285
12031,3815
12095,3679
12159,3948
12223,4197
12287,4433
12351,4402
12415,4524
12479,4630
12543,4503
12607,4659
12671,4915
12735,5682
12799,6744
12863,7629
12927,8372
12991,8894
13055,9116
13119,9106
13183,9310
13247,9757
13311,10436
13375,10770
13439,10596
13503,10013
13567,9811
13631,9554
13695,9476
13759,9310
13823,9648
13887,9374
13951,9758
14015,10155
14079,10731
14143,10054
14207,9411
14271,8662
14335,7850
14399,6901
14463,6695
14527,6674
14591,6877
14655,7082
14719,6559
14783,6087
14847,5668
14911,5125
14975,4735
15039,4398
15103,4201
15167,3962
15231,3908
15295,3855
15359,3971
15423,4382
15487,4834
15551,5472
15615,6372
15679,7377
15743,8234
15807,8911
15871,9499
15935,9795
15999,10170
16063,10925
16127,11181
16191,11499
16255,11877
16319,11965
16383,12330
16511,24425
16639,24580
16767,24710
16895,24212
17023,21592
17151,20002
17279,18498
17407,16064
17535,12435
17663,9575
17791,8009
17919,6977
18047,5701
18175,5175
18303,5355
18431,5543
18559,4922
18687,3358
18815,2552
18943,1960
19071,1700
19199,1366
19327,1121
19455,830
19583,655
19711,541
19839,457
19967,393
20095,422
20223,409
20351,441
20479,419
20607,513
20735,628
20863,803
20991,911
21119,1106
21247,1297
21375,1377
21503,1336
21631,1265
21759,1169
21887,1080
22015,871
22143,683
22271,619
22399,515
22527,406
22655,340
22783,308
22911,232
23039,193
23167,162
23295,190
23423,159
23551,182
23679,166
23807,161
23935,129
24063,109
24191,121
24319,96
24447,77
24575,73
24703,72
24831,50
24959,63
25087,59
25215,45
25343,37
25471,44
25599,35
25727,56
25855,59
25983,51
26111,46
26239,55
26367,49
26495,55
26623,48
26751,62
26879,58
27007,44
27135,41
27263,26
27391,31
27519,46
27647,32
27775,36
27903,28
28031,24
28159,18
28287,18
28415,12
28543,15
28671,13
28799,8
28927,10
29055,7
29183,9
29311,7
29439,4
29567,5
29695,6
29823,2
29951,6
30079,5
30207,2
30335,2
30463,5
30591,7
30719,3
30847,4
30975,1
31103,3
31231,2
31359,4
31487,3
31615,1
31743,4
31871,2
31999,8
32127,2
32255,3
32383,3
32511,3
32639,1
32767,2
33279,6
33535,2
33791,2
34047,3
34303,4
34559,2
34815,2
35071,4
35327,3
35583,3
35839,3
36095,1
36351,1
36607,1
36863,1
37375,2
37631,2
38143,2
38399,1
38655,1
38911,1
39423,2
39679,1
39935,2
40191,2
40703,1
41215,1
41471,2
43775,1
44799,2
46079,2
49663,2
49919,1
54527,1
