benchmark,variant,payload_bytes,producers,consumers,capacity,target_rate,warmup_s,messages_sent,messages_received,messages_dropped,sequence_gaps,duration_s,throughput_msg_s,cpu_cores_used,min_ns,p50_ns,p95_ns,p99_ns,p999_ns,max_ns,mean_ns,heap_allocations,voluntary_ctx_switches,involuntary_ctx_switches,minor_faults,major_faults,cpu_model,cpu_count,kernel,os,compiler,compiler_flags,build_type,sanitizer,boost_version,scaling_governor,hw_pmu_available
"queue_throughput","mutex-queue",32,1,1,4096,0,0.000,10000000,10000000,0,0,1.258,7154014.379,0.000,0,0,0,0,0,0,0.000,0,0,0,0,0,"Intel(R) Xeon(R) Processor",8,"6.12.94+","Linux x86_64 / Ubuntu 24.04.4 LTS","g++ 13.3.0","-O2 -g -DNDEBUG","RelWithDebInfo","none","1.83.0","unavailable",0
"queue_throughput","mutex-queue",32,1,1,4096,0,0.000,10000000,10000000,0,0,1.277,7048113.851,0.000,0,0,0,0,0,0,0.000,0,0,0,0,0,"Intel(R) Xeon(R) Processor",8,"6.12.94+","Linux x86_64 / Ubuntu 24.04.4 LTS","g++ 13.3.0","-O2 -g -DNDEBUG","RelWithDebInfo","none","1.83.0","unavailable",0
"queue_throughput","mutex-queue",32,1,1,4096,0,0.000,10000000,10000000,0,0,1.339,6719677.887,0.000,0,0,0,0,0,0,0.000,0,0,0,0,0,"Intel(R) Xeon(R) Processor",8,"6.12.94+","Linux x86_64 / Ubuntu 24.04.4 LTS","g++ 13.3.0","-O2 -g -DNDEBUG","RelWithDebInfo","none","1.83.0","unavailable",0
"queue_throughput","spsc-padded",32,1,1,4096,0,0.000,10000000,10000000,0,0,0.656,13712315.926,0.000,0,0,0,0,0,0,0.000,0,0,0,0,0,"Intel(R) Xeon(R) Processor",8,"6.12.94+","Linux x86_64 / Ubuntu 24.04.4 LTS","g++ 13.3.0","-O2 -g -DNDEBUG","RelWithDebInfo","none","1.83.0","unavailable",0
"queue_throughput","spsc-padded",32,1,1,4096,0,0.000,10000000,10000000,0,0,0.614,14649361.526,0.000,0,0,0,0,0,0,0.000,0,0,0,0,0,"Intel(R) Xeon(R) Processor",8,"6.12.94+","Linux x86_64 / Ubuntu 24.04.4 LTS","g++ 13.3.0","-O2 -g -DNDEBUG","RelWithDebInfo","none","1.83.0","unavailable",0
"queue_throughput","spsc-padded",32,1,1,4096,0,0.000,10000000,10000000,0,0,0.653,13786264.299,0.000,0,0,0,0,0,0,0.000,0,0,0,0,0,"Intel(R) Xeon(R) Processor",8,"6.12.94+","Linux x86_64 / Ubuntu 24.04.4 LTS","g++ 13.3.0","-O2 -g -DNDEBUG","RelWithDebInfo","none","1.83.0","unavailable",0
"queue_throughput","spsc-unpadded",32,1,1,4096,0,0.000,10000000,10000000,0,0,0.576,15622846.461,0.000,0,0,0,0,0,0,0.000,0,0,0,0,0,"Intel(R) Xeon(R) Processor",8,"6.12.94+","Linux x86_64 / Ubuntu 24.04.4 LTS","g++ 13.3.0","-O2 -g -DNDEBUG","RelWithDebInfo","none","1.83.0","unavailable",0
"queue_throughput","spsc-unpadded",32,1,1,4096,0,0.000,10000000,10000000,0,0,0.568,15858707.990,0.000,0,0,0,0,0,0,0.000,0,0,0,0,0,"Intel(R) Xeon(R) Processor",8,"6.12.94+","Linux x86_64 / Ubuntu 24.04.4 LTS","g++ 13.3.0","-O2 -g -DNDEBUG","RelWithDebInfo","none","1.83.0","unavailable",0
"queue_throughput","spsc-unpadded",32,1,1,4096,0,0.000,10000000,10000000,0,0,0.575,15655898.383,0.000,0,0,0,0,0,0,0.000,0,0,0,0,0,"Intel(R) Xeon(R) Processor",8,"6.12.94+","Linux x86_64 / Ubuntu 24.04.4 LTS","g++ 13.3.0","-O2 -g -DNDEBUG","RelWithDebInfo","none","1.83.0","unavailable",0
"queue_latency","mutex-queue",32,1,1,4096,0,0.000,10000000,10000000,0,0,4.095,2197589.900,0.000,14585,1875967,2211839,2326527,2457599,2578649,1847214.884,0,0,0,0,0,"Intel(R) Xeon(R) Processor",8,"6.12.94+","Linux x86_64 / Ubuntu 24.04.4 LTS","g++ 13.3.0","-O2 -g -DNDEBUG","RelWithDebInfo","none","1.83.0","unavailable",0
"queue_latency","mutex-queue",32,1,1,4096,0,0.000,10000000,10000000,0,0,3.749,2400477.426,0.000,512,1720319,1982463,2129919,2293759,2404360,1647935.211,0,0,0,0,0,"Intel(R) Xeon(R) Processor",8,"6.12.94+","Linux x86_64 / Ubuntu 24.04.4 LTS","g++ 13.3.0","-O2 -g -DNDEBUG","RelWithDebInfo","none","1.83.0","unavailable",0
"queue_latency","mutex-queue",32,1,1,4096,0,0.000,10000000,10000000,0,0,3.729,2413690.096,0.000,352,1728511,2056191,2179071,2293759,2418340,1359711.895,0,0,0,0,0,"Intel(R) Xeon(R) Processor",8,"6.12.94+","Linux x86_64 / Ubuntu 24.04.4 LTS","g++ 13.3.0","-O2 -g -DNDEBUG","RelWithDebInfo","none","1.83.0","unavailable",0
"queue_latency","spsc-padded",32,1,1,4096,0,0.000,10000000,10000000,0,0,1.057,8516400.482,0.000,2588,481279,495615,511999,532479,541978,480489.840,0,0,0,0,0,"Intel(R) Xeon(R) Processor",8,"6.12.94+","Linux x86_64 / Ubuntu 24.04.4 LTS","g++ 13.3.0","-O2 -g -DNDEBUG","RelWithDebInfo","none","1.83.0","unavailable",0
"queue_latency","spsc-padded",32,1,1,4096,0,0.000,10000000,10000000,0,0,1.409,6387255.181,0.000,3143,647167,692223,720895,753663,803666,640506.402,0,0,0,0,0,"Intel(R) Xeon(R) Processor",8,"6.12.94+","Linux x86_64 / Ubuntu 24.04.4 LTS","g++ 13.3.0","-O2 -g -DNDEBUG","RelWithDebInfo","none","1.83.0","unavailable",0
"queue_latency","spsc-padded",32,1,1,4096,0,0.000,10000000,10000000,0,0,1.064,8461236.327,0.000,4427,483327,503807,522239,540671,558161,483534.103,0,0,0,0,0,"Intel(R) Xeon(R) Processor",8,"6.12.94+","Linux x86_64 / Ubuntu 24.04.4 LTS","g++ 13.3.0","-O2 -g -DNDEBUG","RelWithDebInfo","none","1.83.0","unavailable",0
"queue_latency","spsc-unpadded",32,1,1,4096,0,0.000,10000000,10000000,0,0,1.484,6064917.008,0.000,5708,675839,708607,729087,753663,785452,674996.703,0,0,0,0,0,"Intel(R) Xeon(R) Processor",8,"6.12.94+","Linux x86_64 / Ubuntu 24.04.4 LTS","g++ 13.3.0","-O2 -g -DNDEBUG","RelWithDebInfo","none","1.83.0","unavailable",0
"queue_latency","spsc-unpadded",32,1,1,4096,0,0.000,10000000,10000000,0,0,1.429,6299058.472,0.000,178,675839,712703,741375,782335,815507,572760.628,0,0,0,0,0,"Intel(R) Xeon(R) Processor",8,"6.12.94+","Linux x86_64 / Ubuntu 24.04.4 LTS","g++ 13.3.0","-O2 -g -DNDEBUG","RelWithDebInfo","none","1.83.0","unavailable",0
"queue_latency","spsc-unpadded",32,1,1,4096,0,0.000,10000000,10000000,0,0,1.477,6091371.107,0.000,10432,671743,712703,737279,770047,795922,672097.756,0,0,0,0,0,"Intel(R) Xeon(R) Processor",8,"6.12.94+","Linux x86_64 / Ubuntu 24.04.4 LTS","g++ 13.3.0","-O2 -g -DNDEBUG","RelWithDebInfo","none","1.83.0","unavailable",0
"queue_throughput","mutex-queue",64,1,1,4096,0,0.000,10000000,10000000,0,0,1.225,7346787.414,0.000,0,0,0,0,0,0,0.000,0,0,0,0,0,"Intel(R) Xeon(R) Processor",8,"6.12.94+","Linux x86_64 / Ubuntu 24.04.4 LTS","g++ 13.3.0","-O2 -g -DNDEBUG","RelWithDebInfo","none","1.83.0","unavailable",0
"queue_throughput","mutex-queue",64,1,1,4096,0,0.000,10000000,10000000,0,0,1.253,7180164.823,0.000,0,0,0,0,0,0,0.000,0,0,0,0,0,"Intel(R) Xeon(R) Processor",8,"6.12.94+","Linux x86_64 / Ubuntu 24.04.4 LTS","g++ 13.3.0","-O2 -g -DNDEBUG","RelWithDebInfo","none","1.83.0","unavailable",0
"queue_throughput","mutex-queue",64,1,1,4096,0,0.000,10000000,10000000,0,0,1.406,6399574.950,0.000,0,0,0,0,0,0,0.000,0,0,0,0,0,"Intel(R) Xeon(R) Processor",8,"6.12.94+","Linux x86_64 / Ubuntu 24.04.4 LTS","g++ 13.3.0","-O2 -g -DNDEBUG","RelWithDebInfo","none","1.83.0","unavailable",0
"queue_throughput","spsc-padded",64,1,1,4096,0,0.000,10000000,10000000,0,0,0.596,15112337.587,0.000,0,0,0,0,0,0,0.000,0,0,0,0,0,"Intel(R) Xeon(R) Processor",8,"6.12.94+","Linux x86_64 / Ubuntu 24.04.4 LTS","g++ 13.3.0","-O2 -g -DNDEBUG","RelWithDebInfo","none","1.83.0","unavailable",0
"queue_throughput","spsc-padded",64,1,1,4096,0,0.000,10000000,10000000,0,0,0.682,13199078.583,0.000,0,0,0,0,0,0,0.000,0,0,0,0,0,"Intel(R) Xeon(R) Processor",8,"6.12.94+","Linux x86_64 / Ubuntu 24.04.4 LTS","g++ 13.3.0","-O2 -g -DNDEBUG","RelWithDebInfo","none","1.83.0","unavailable",0
"queue_throughput","spsc-padded",64,1,1,4096,0,0.000,10000000,10000000,0,0,0.582,15465791.943,0.000,0,0,0,0,0,0,0.000,0,0,0,0,0,"Intel(R) Xeon(R) Processor",8,"6.12.94+","Linux x86_64 / Ubuntu 24.04.4 LTS","g++ 13.3.0","-O2 -g -DNDEBUG","RelWithDebInfo","none","1.83.0","unavailable",0
"queue_throughput","spsc-unpadded",64,1,1,4096,0,0.000,10000000,10000000,0,0,0.501,17964658.487,0.000,0,0,0,0,0,0,0.000,0,0,0,0,0,"Intel(R) Xeon(R) Processor",8,"6.12.94+","Linux x86_64 / Ubuntu 24.04.4 LTS","g++ 13.3.0","-O2 -g -DNDEBUG","RelWithDebInfo","none","1.83.0","unavailable",0
"queue_throughput","spsc-unpadded",64,1,1,4096,0,0.000,10000000,10000000,0,0,0.529,16999777.656,0.000,0,0,0,0,0,0,0.000,0,0,0,0,0,"Intel(R) Xeon(R) Processor",8,"6.12.94+","Linux x86_64 / Ubuntu 24.04.4 LTS","g++ 13.3.0","-O2 -g -DNDEBUG","RelWithDebInfo","none","1.83.0","unavailable",0
"queue_throughput","spsc-unpadded",64,1,1,4096,0,0.000,10000000,10000000,0,0,0.525,17152814.041,0.000,0,0,0,0,0,0,0.000,0,0,0,0,0,"Intel(R) Xeon(R) Processor",8,"6.12.94+","Linux x86_64 / Ubuntu 24.04.4 LTS","g++ 13.3.0","-O2 -g -DNDEBUG","RelWithDebInfo","none","1.83.0","unavailable",0
"queue_latency","mutex-queue",64,1,1,4096,0,0.000,10000000,10000000,0,0,3.463,2598759.111,0.000,335,107007,1597439,1712127,1835007,2083275,582514.875,0,0,0,0,0,"Intel(R) Xeon(R) Processor",8,"6.12.94+","Linux x86_64 / Ubuntu 24.04.4 LTS","g++ 13.3.0","-O2 -g -DNDEBUG","RelWithDebInfo","none","1.83.0","unavailable",0
"queue_latency","mutex-queue",64,1,1,4096,0,0.000,10000000,10000000,0,0,3.459,2601550.226,0.000,712,1556479,1736703,1826815,1957887,4670516,1532586.728,0,0,0,0,0,"Intel(R) Xeon(R) Processor",8,"6.12.94+","Linux x86_64 / Ubuntu 24.04.4 LTS","g++ 13.3.0","-O2 -g -DNDEBUG","RelWithDebInfo","none","1.83.0","unavailable",0
"queue_latency","mutex-queue",64,1,1,4096,0,0.000,10000000,10000000,0,0,3.421,2630641.647,0.000,331,22143,1548287,1654783,1753087,1918468,443814.650,0,0,0,0,0,"Intel(R) Xeon(R) Processor",8,"6.12.94+","Linux x86_64 / Ubuntu 24.04.4 LTS","g++ 13.3.0","-O2 -g -DNDEBUG","RelWithDebInfo","none","1.83.0","unavailable",0
"queue_latency","spsc-padded",64,1,1,4096,0,0.000,10000000,10000000,0,0,1.944,4629055.505,0.000,11409,905215,999423,1015807,1028095,1034394,884718.046,0,0,0,0,0,"Intel(R) Xeon(R) Processor",8,"6.12.94+","Linux x86_64 / Ubuntu 24.04.4 LTS","g++ 13.3.0","-O2 -g -DNDEBUG","RelWithDebInfo","none","1.83.0","unavailable",0
"queue_latency","spsc-padded",64,1,1,4096,0,0.000,10000000,10000000,0,0,1.386,6492047.605,0.000,11693,634879,679935,749567,827391,882679,630725.404,0,0,0,0,0,"Intel(R) Xeon(R) Processor",8,"6.12.94+","Linux x86_64 / Ubuntu 24.04.4 LTS","g++ 13.3.0","-O2 -g -DNDEBUG","RelWithDebInfo","none","1.83.0","unavailable",0
"queue_latency","spsc-padded",64,1,1,4096,0,0.000,10000000,10000000,0,0,2.200,4090048.818,0.000,11937,1036287,1064959,1073151,1097727,1111518,1001363.891,0,0,0,0,0,"Intel(R) Xeon(R) Processor",8,"6.12.94+","Linux x86_64 / Ubuntu 24.04.4 LTS","g++ 13.3.0","-O2 -g -DNDEBUG","RelWithDebInfo","none","1.83.0","unavailable",0
"queue_latency","spsc-unpadded",64,1,1,4096,0,0.000,10000000,10000000,0,0,1.847,4873148.630,0.000,12215,843775,897023,921599,983039,1037996,837585.622,0,0,0,0,0,"Intel(R) Xeon(R) Processor",8,"6.12.94+","Linux x86_64 / Ubuntu 24.04.4 LTS","g++ 13.3.0","-O2 -g -DNDEBUG","RelWithDebInfo","none","1.83.0","unavailable",0
"queue_latency","spsc-unpadded",64,1,1,4096,0,0.000,10000000,10000000,0,0,1.413,6367640.450,0.000,158,40959,491519,815103,917503,1009699,115423.527,0,0,0,0,0,"Intel(R) Xeon(R) Processor",8,"6.12.94+","Linux x86_64 / Ubuntu 24.04.4 LTS","g++ 13.3.0","-O2 -g -DNDEBUG","RelWithDebInfo","none","1.83.0","unavailable",0
"queue_latency","spsc-unpadded",64,1,1,4096,0,0.000,10000000,10000000,0,0,1.839,4892760.750,0.000,4503,839679,897023,921599,962559,1012129,834950.806,0,0,0,0,0,"Intel(R) Xeon(R) Processor",8,"6.12.94+","Linux x86_64 / Ubuntu 24.04.4 LTS","g++ 13.3.0","-O2 -g -DNDEBUG","RelWithDebInfo","none","1.83.0","unavailable",0
"queue_throughput","mutex-queue",128,1,1,4096,0,0.000,10000000,10000000,0,0,1.401,6423431.380,0.000,0,0,0,0,0,0,0.000,0,0,0,0,0,"Intel(R) Xeon(R) Processor",8,"6.12.94+","Linux x86_64 / Ubuntu 24.04.4 LTS","g++ 13.3.0","-O2 -g -DNDEBUG","RelWithDebInfo","none","1.83.0","unavailable",0
"queue_throughput","mutex-queue",128,1,1,4096,0,0.000,10000000,10000000,0,0,1.593,5651001.998,0.000,0,0,0,0,0,0,0.000,0,0,0,0,0,"Intel(R) Xeon(R) Processor",8,"6.12.94+","Linux x86_64 / Ubuntu 24.04.4 LTS","g++ 13.3.0","-O2 -g -DNDEBUG","RelWithDebInfo","none","1.83.0","unavailable",0
"queue_throughput","mutex-queue",128,1,1,4096,0,0.000,10000000,10000000,0,0,1.456,6180355.195,0.000,0,0,0,0,0,0,0.000,0,0,0,0,0,"Intel(R) Xeon(R) Processor",8,"6.12.94+","Linux x86_64 / Ubuntu 24.04.4 LTS","g++ 13.3.0","-O2 -g -DNDEBUG","RelWithDebInfo","none","1.83.0","unavailable",0
"queue_throughput","spsc-padded",128,1,1,4096,0,0.000,10000000,10000000,0,0,0.141,63695263.741,0.000,0,0,0,0,0,0,0.000,0,0,0,0,0,"Intel(R) Xeon(R) Processor",8,"6.12.94+","Linux x86_64 / Ubuntu 24.04.4 LTS","g++ 13.3.0","-O2 -g -DNDEBUG","RelWithDebInfo","none","1.83.0","unavailable",0
"queue_throughput","spsc-padded",128,1,1,4096,0,0.000,10000000,10000000,0,0,0.078,115100135.071,0.000,0,0,0,0,0,0,0.000,0,0,0,0,0,"Intel(R) Xeon(R) Processor",8,"6.12.94+","Linux x86_64 / Ubuntu 24.04.4 LTS","g++ 13.3.0","-O2 -g -DNDEBUG","RelWithDebInfo","none","1.83.0","unavailable",0
"queue_throughput","spsc-padded",128,1,1,4096,0,0.000,10000000,10000000,0,0,0.269,33490191.841,0.000,0,0,0,0,0,0,0.000,0,0,0,0,0,"Intel(R) Xeon(R) Processor",8,"6.12.94+","Linux x86_64 / Ubuntu 24.04.4 LTS","g++ 13.3.0","-O2 -g -DNDEBUG","RelWithDebInfo","none","1.83.0","unavailable",0
"queue_throughput","spsc-unpadded",128,1,1,4096,0,0.000,10000000,10000000,0,0,0.651,13825885.077,0.000,0,0,0,0,0,0,0.000,0,0,0,0,0,"Intel(R) Xeon(R) Processor",8,"6.12.94+","Linux x86_64 / Ubuntu 24.04.4 LTS","g++ 13.3.0","-O2 -g -DNDEBUG","RelWithDebInfo","none","1.83.0","unavailable",0
"queue_throughput","spsc-unpadded",128,1,1,4096,0,0.000,10000000,10000000,0,0,0.640,14058834.203,0.000,0,0,0,0,0,0,0.000,0,0,0,0,0,"Intel(R) Xeon(R) Processor",8,"6.12.94+","Linux x86_64 / Ubuntu 24.04.4 LTS","g++ 13.3.0","-O2 -g -DNDEBUG","RelWithDebInfo","none","1.83.0","unavailable",0
"queue_throughput","spsc-unpadded",128,1,1,4096,0,0.000,10000000,10000000,0,0,0.655,13730323.443,0.000,0,0,0,0,0,0,0.000,0,0,0,0,0,"Intel(R) Xeon(R) Processor",8,"6.12.94+","Linux x86_64 / Ubuntu 24.04.4 LTS","g++ 13.3.0","-O2 -g -DNDEBUG","RelWithDebInfo","none","1.83.0","unavailable",0
"queue_latency","mutex-queue",128,1,1,4096,0,0.000,10000000,10000000,0,0,3.240,2777566.527,0.000,494,1384447,1728511,1957887,2293759,2545384,1055879.002,0,0,0,0,0,"Intel(R) Xeon(R) Processor",8,"6.12.94+","Linux x86_64 / Ubuntu 24.04.4 LTS","g++ 13.3.0","-O2 -g -DNDEBUG","RelWithDebInfo","none","1.83.0","unavailable",0
"queue_latency","mutex-queue",128,1,1,4096,0,0.000,10000000,10000000,0,0,3.322,2708983.779,0.000,3689,1474559,1810431,1982463,2162687,2333022,1475776.159,0,0,0,0,0,"Intel(R) Xeon(R) Processor",8,"6.12.94+","Linux x86_64 / Ubuntu 24.04.4 LTS","g++ 13.3.0","-O2 -g -DNDEBUG","RelWithDebInfo","none","1.83.0","unavailable",0
"queue_latency","mutex-queue",128,1,1,4096,0,0.000,10000000,10000000,0,0,3.339,2695327.406,0.000,369,1417215,1630207,1736703,1916927,2067602,1049185.480,0,0,0,0,0,"Intel(R) Xeon(R) Processor",8,"6.12.94+","Linux x86_64 / Ubuntu 24.04.4 LTS","g++ 13.3.0","-O2 -g -DNDEBUG","RelWithDebInfo","none","1.83.0","unavailable",0
"queue_latency","spsc-padded",128,1,1,4096,0,0.000,10000000,10000000,0,0,1.100,8185468.797,0.000,11339,487423,557055,602111,757759,789263,500103.126,0,0,0,0,0,"Intel(R) Xeon(R) Processor",8,"6.12.94+","Linux x86_64 / Ubuntu 24.04.4 LTS","g++ 13.3.0","-O2 -g -DNDEBUG","RelWithDebInfo","none","1.83.0","unavailable",0
"queue_latency","spsc-padded",128,1,1,4096,0,0.000,10000000,10000000,0,0,1.138,7910170.223,0.000,7643,514047,548863,626687,815103,834721,517279.614,0,0,0,0,0,"Intel(R) Xeon(R) Processor",8,"6.12.94+","Linux x86_64 / Ubuntu 24.04.4 LTS","g++ 13.3.0","-O2 -g -DNDEBUG","RelWithDebInfo","none","1.83.0","unavailable",0
"queue_latency","spsc-padded",128,1,1,4096,0,0.000,10000000,10000000,0,0,1.066,8439170.447,0.000,6478,481279,501759,663551,782335,792808,484979.102,0,0,0,0,0,"Intel(R) Xeon(R) Processor",8,"6.12.94+","Linux x86_64 / Ubuntu 24.04.4 LTS","g++ 13.3.0","-O2 -g -DNDEBUG","RelWithDebInfo","none","1.83.0","unavailable",0
"queue_latency","spsc-unpadded",128,1,1,4096,0,0.000,10000000,10000000,0,0,1.746,5153827.025,0.000,9680,798719,831487,851967,876543,897627,794581.303,0,0,0,0,0,"Intel(R) Xeon(R) Processor",8,"6.12.94+","Linux x86_64 / Ubuntu 24.04.4 LTS","g++ 13.3.0","-O2 -g -DNDEBUG","RelWithDebInfo","none","1.83.0","unavailable",0
"queue_latency","spsc-unpadded",128,1,1,4096,0,0.000,10000000,10000000,0,0,1.464,6149528.466,0.000,5579,675839,700415,724991,770047,820435,664693.643,0,0,0,0,0,"Intel(R) Xeon(R) Processor",8,"6.12.94+","Linux x86_64 / Ubuntu 24.04.4 LTS","g++ 13.3.0","-O2 -g -DNDEBUG","RelWithDebInfo","none","1.83.0","unavailable",0
"queue_latency","spsc-unpadded",128,1,1,4096,0,0.000,10000000,10000000,0,0,1.735,5187835.687,0.000,7328,794623,835583,868351,901119,967495,789367.364,0,0,0,0,0,"Intel(R) Xeon(R) Processor",8,"6.12.94+","Linux x86_64 / Ubuntu 24.04.4 LTS","g++ 13.3.0","-O2 -g -DNDEBUG","RelWithDebInfo","none","1.83.0","unavailable",0
"queue_throughput","mutex-queue",256,1,1,4096,0,0.000,10000000,10000000,0,0,1.836,4902948.181,0.000,0,0,0,0,0,0,0.000,0,0,0,0,0,"Intel(R) Xeon(R) Processor",8,"6.12.94+","Linux x86_64 / Ubuntu 24.04.4 LTS","g++ 13.3.0","-O2 -g -DNDEBUG","RelWithDebInfo","none","1.83.0","unavailable",0
"queue_throughput","mutex-queue",256,1,1,4096,0,0.000,10000000,10000000,0,0,1.955,4603543.336,0.000,0,0,0,0,0,0,0.000,0,0,0,0,0,"Intel(R) Xeon(R) Processor",8,"6.12.94+","Linux x86_64 / Ubuntu 24.04.4 LTS","g++ 13.3.0","-O2 -g -DNDEBUG","RelWithDebInfo","none","1.83.0","unavailable",0
"queue_throughput","mutex-queue",256,1,1,4096,0,0.000,10000000,10000000,0,0,2.041,4409067.165,0.000,0,0,0,0,0,0,0.000,0,0,0,0,0,"Intel(R) Xeon(R) Processor",8,"6.12.94+","Linux x86_64 / Ubuntu 24.04.4 LTS","g++ 13.3.0","-O2 -g -DNDEBUG","RelWithDebInfo","none","1.83.0","unavailable",0
"queue_throughput","spsc-padded",256,1,1,4096,0,0.000,10000000,10000000,0,0,0.750,12000103.585,0.000,0,0,0,0,0,0,0.000,0,0,0,0,0,"Intel(R) Xeon(R) Processor",8,"6.12.94+","Linux x86_64 / Ubuntu 24.04.4 LTS","g++ 13.3.0","-O2 -g -DNDEBUG","RelWithDebInfo","none","1.83.0","unavailable",0
"queue_throughput","spsc-padded",256,1,1,4096,0,0.000,10000000,10000000,0,0,0.782,11508561.573,0.000,0,0,0,0,0,0,0.000,0,0,0,0,0,"Intel(R) Xeon(R) Processor",8,"6.12.94+","Linux x86_64 / Ubuntu 24.04.4 LTS","g++ 13.3.0","-O2 -g -DNDEBUG","RelWithDebInfo","none","1.83.0","unavailable",0
"queue_throughput","spsc-padded",256,1,1,4096,0,0.000,10000000,10000000,0,0,0.773,11645643.307,0.000,0,0,0,0,0,0,0.000,0,0,0,0,0,"Intel(R) Xeon(R) Processor",8,"6.12.94+","Linux x86_64 / Ubuntu 24.04.4 LTS","g++ 13.3.0","-O2 -g -DNDEBUG","RelWithDebInfo","none","1.83.0","unavailable",0
"queue_throughput","spsc-unpadded",256,1,1,4096,0,0.000,10000000,10000000,0,0,0.919,9790065.736,0.000,0,0,0,0,0,0,0.000,0,0,0,0,0,"Intel(R) Xeon(R) Processor",8,"6.12.94+","Linux x86_64 / Ubuntu 24.04.4 LTS","g++ 13.3.0","-O2 -g -DNDEBUG","RelWithDebInfo","none","1.83.0","unavailable",0
"queue_throughput","spsc-unpadded",256,1,1,4096,0,0.000,10000000,10000000,0,0,0.910,9891353.614,0.000,0,0,0,0,0,0,0.000,0,0,0,0,0,"Intel(R) Xeon(R) Processor",8,"6.12.94+","Linux x86_64 / Ubuntu 24.04.4 LTS","g++ 13.3.0","-O2 -g -DNDEBUG","RelWithDebInfo","none","1.83.0","unavailable",0
"queue_throughput","spsc-unpadded",256,1,1,4096,0,0.000,10000000,10000000,0,0,0.911,9876479.068,0.000,0,0,0,0,0,0,0.000,0,0,0,0,0,"Intel(R) Xeon(R) Processor",8,"6.12.94+","Linux x86_64 / Ubuntu 24.04.4 LTS","g++ 13.3.0","-O2 -g -DNDEBUG","RelWithDebInfo","none","1.83.0","unavailable",0
"queue_latency","mutex-queue",256,1,1,4096,0,0.000,10000000,10000000,0,0,4.029,2234068.495,0.000,1056,1843199,1982463,2047999,2408447,3005287,1816688.653,0,0,0,0,0,"Intel(R) Xeon(R) Processor",8,"6.12.94+","Linux x86_64 / Ubuntu 24.04.4 LTS","g++ 13.3.0","-O2 -g -DNDEBUG","RelWithDebInfo","none","1.83.0","unavailable",0
"queue_latency","mutex-queue",256,1,1,4096,0,0.000,10000000,10000000,0,0,3.871,2325021.774,0.000,3442,1769471,1949695,2031615,2129919,2271287,1746483.370,0,0,0,0,0,"Intel(R) Xeon(R) Processor",8,"6.12.94+","Linux x86_64 / Ubuntu 24.04.4 LTS","g++ 13.3.0","-O2 -g -DNDEBUG","RelWithDebInfo","none","1.83.0","unavailable",0
"queue_latency","mutex-queue",256,1,1,4096,0,0.000,10000000,10000000,0,0,4.033,2231394.192,0.000,2465,1810431,2146303,2228223,2326527,2446524,1821696.700,0,0,0,0,0,"Intel(R) Xeon(R) Processor",8,"6.12.94+","Linux x86_64 / Ubuntu 24.04.4 LTS","g++ 13.3.0","-O2 -g -DNDEBUG","RelWithDebInfo","none","1.83.0","unavailable",0
"queue_latency","spsc-padded",256,1,1,4096,0,0.000,10000000,10000000,0,0,1.180,7628462.799,0.000,6953,536575,573439,610303,716799,782716,536599.869,0,0,0,0,0,"Intel(R) Xeon(R) Processor",8,"6.12.94+","Linux x86_64 / Ubuntu 24.04.4 LTS","g++ 13.3.0","-O2 -g -DNDEBUG","RelWithDebInfo","none","1.83.0","unavailable",0
"queue_latency","spsc-padded",256,1,1,4096,0,0.000,10000000,10000000,0,0,1.187,7582740.884,0.000,6281,540671,569343,598015,716799,944144,539859.899,0,0,0,0,0,"Intel(R) Xeon(R) Processor",8,"6.12.94+","Linux x86_64 / Ubuntu 24.04.4 LTS","g++ 13.3.0","-O2 -g -DNDEBUG","RelWithDebInfo","none","1.83.0","unavailable",0
"queue_latency","spsc-padded",256,1,1,4096,0,0.000,10000000,10000000,0,0,1.189,7568000.108,0.000,13259,536575,577535,626687,765951,857257,540921.468,0,0,0,0,0,"Intel(R) Xeon(R) Processor",8,"6.12.94+","Linux x86_64 / Ubuntu 24.04.4 LTS","g++ 13.3.0","-O2 -g -DNDEBUG","RelWithDebInfo","none","1.83.0","unavailable",0
"queue_latency","spsc-unpadded",256,1,1,4096,0,0.000,10000000,10000000,0,0,1.833,4910215.466,0.000,5697,835583,864255,880639,929791,976918,832802.092,0,0,0,0,0,"Intel(R) Xeon(R) Processor",8,"6.12.94+","Linux x86_64 / Ubuntu 24.04.4 LTS","g++ 13.3.0","-O2 -g -DNDEBUG","RelWithDebInfo","none","1.83.0","unavailable",0
"queue_latency","spsc-unpadded",256,1,1,4096,0,0.000,10000000,10000000,0,0,1.803,4990339.642,0.000,5840,819199,876543,909311,946175,1172968,818987.484,0,0,0,0,0,"Intel(R) Xeon(R) Processor",8,"6.12.94+","Linux x86_64 / Ubuntu 24.04.4 LTS","g++ 13.3.0","-O2 -g -DNDEBUG","RelWithDebInfo","none","1.83.0","unavailable",0
"queue_latency","spsc-unpadded",256,1,1,4096,0,0.000,10000000,10000000,0,0,1.795,5015292.865,0.000,10389,819199,843775,864255,892927,913505,816046.425,0,0,0,0,0,"Intel(R) Xeon(R) Processor",8,"6.12.94+","Linux x86_64 / Ubuntu 24.04.4 LTS","g++ 13.3.0","-O2 -g -DNDEBUG","RelWithDebInfo","none","1.83.0","unavailable",0
"queue_throughput","mutex-queue",1024,1,1,4096,0,0.000,10000000,10000000,0,0,3.479,2587262.758,0.000,0,0,0,0,0,0,0.000,0,0,0,0,0,"Intel(R) Xeon(R) Processor",8,"6.12.94+","Linux x86_64 / Ubuntu 24.04.4 LTS","g++ 13.3.0","-O2 -g -DNDEBUG","RelWithDebInfo","none","1.83.0","unavailable",0
"queue_throughput","mutex-queue",1024,1,1,4096,0,0.000,10000000,10000000,0,0,3.420,2631553.540,0.000,0,0,0,0,0,0,0.000,0,0,0,0,0,"Intel(R) Xeon(R) Processor",8,"6.12.94+","Linux x86_64 / Ubuntu 24.04.4 LTS","g++ 13.3.0","-O2 -g -DNDEBUG","RelWithDebInfo","none","1.83.0","unavailable",0
"queue_throughput","mutex-queue",1024,1,1,4096,0,0.000,10000000,10000000,0,0,3.397,2649312.343,0.000,0,0,0,0,0,0,0.000,0,0,0,0,0,"Intel(R) Xeon(R) Processor",8,"6.12.94+","Linux x86_64 / Ubuntu 24.04.4 LTS","g++ 13.3.0","-O2 -g -DNDEBUG","RelWithDebInfo","none","1.83.0","unavailable",0
"queue_throughput","spsc-padded",1024,1,1,4096,0,0.000,10000000,10000000,0,0,1.432,6286161.019,0.000,0,0,0,0,0,0,0.000,0,0,0,0,0,"Intel(R) Xeon(R) Processor",8,"6.12.94+","Linux x86_64 / Ubuntu 24.04.4 LTS","g++ 13.3.0","-O2 -g -DNDEBUG","RelWithDebInfo","none","1.83.0","unavailable",0
"queue_throughput","spsc-padded",1024,1,1,4096,0,0.000,10000000,10000000,0,0,1.448,6217276.389,0.000,0,0,0,0,0,0,0.000,0,0,0,0,0,"Intel(R) Xeon(R) Processor",8,"6.12.94+","Linux x86_64 / Ubuntu 24.04.4 LTS","g++ 13.3.0","-O2 -g -DNDEBUG","RelWithDebInfo","none","1.83.0","unavailable",0
"queue_throughput","spsc-padded",1024,1,1,4096,0,0.000,10000000,10000000,0,0,1.391,6469439.046,0.000,0,0,0,0,0,0,0.000,0,0,0,0,0,"Intel(R) Xeon(R) Processor",8,"6.12.94+","Linux x86_64 / Ubuntu 24.04.4 LTS","g++ 13.3.0","-O2 -g -DNDEBUG","RelWithDebInfo","none","1.83.0","unavailable",0
"queue_throughput","spsc-unpadded",1024,1,1,4096,0,0.000,10000000,10000000,0,0,0.982,9168116.962,0.000,0,0,0,0,0,0,0.000,0,0,0,0,0,"Intel(R) Xeon(R) Processor",8,"6.12.94+","Linux x86_64 / Ubuntu 24.04.4 LTS","g++ 13.3.0","-O2 -g -DNDEBUG","RelWithDebInfo","none","1.83.0","unavailable",0
"queue_throughput","spsc-unpadded",1024,1,1,4096,0,0.000,10000000,10000000,0,0,0.936,9611536.838,0.000,0,0,0,0,0,0,0.000,0,0,0,0,0,"Intel(R) Xeon(R) Processor",8,"6.12.94+","Linux x86_64 / Ubuntu 24.04.4 LTS","g++ 13.3.0","-O2 -g -DNDEBUG","RelWithDebInfo","none","1.83.0","unavailable",0
"queue_throughput","spsc-unpadded",1024,1,1,4096,0,0.000,10000000,10000000,0,0,0.971,9270663.310,0.000,0,0,0,0,0,0,0.000,0,0,0,0,0,"Intel(R) Xeon(R) Processor",8,"6.12.94+","Linux x86_64 / Ubuntu 24.04.4 LTS","g++ 13.3.0","-O2 -g -DNDEBUG","RelWithDebInfo","none","1.83.0","unavailable",0
"queue_latency","mutex-queue",1024,1,1,4096,0,0.000,10000000,10000000,0,0,4.696,1916517.497,0.000,1198,1605631,2375679,2441215,2588671,2663247,1347563.903,0,0,0,0,0,"Intel(R) Xeon(R) Processor",8,"6.12.94+","Linux x86_64 / Ubuntu 24.04.4 LTS","g++ 13.3.0","-O2 -g -DNDEBUG","RelWithDebInfo","none","1.83.0","unavailable",0
"queue_latency","mutex-queue",1024,1,1,4096,0,0.000,10000000,10000000,0,0,4.659,1931543.901,0.000,1965,2097151,2359295,2441215,2506751,2558295,1930410.814,0,0,0,0,0,"Intel(R) Xeon(R) Processor",8,"6.12.94+","Linux x86_64 / Ubuntu 24.04.4 LTS","g++ 13.3.0","-O2 -g -DNDEBUG","RelWithDebInfo","none","1.83.0","unavailable",0
"queue_latency","mutex-queue",1024,1,1,4096,0,0.000,10000000,10000000,0,0,4.688,1919988.241,0.000,1730,2015231,2375679,2441215,2867199,3190035,1526091.674,0,0,0,0,0,"Intel(R) Xeon(R) Processor",8,"6.12.94+","Linux x86_64 / Ubuntu 24.04.4 LTS","g++ 13.3.0","-O2 -g -DNDEBUG","RelWithDebInfo","none","1.83.0","unavailable",0
"queue_latency","spsc-padded",1024,1,1,4096,0,0.000,10000000,10000000,0,0,1.103,8156681.359,0.000,4788,503807,532479,548863,561151,568654,499984.238,0,0,0,0,0,"Intel(R) Xeon(R) Processor",8,"6.12.94+","Linux x86_64 / Ubuntu 24.04.4 LTS","g++ 13.3.0","-O2 -g -DNDEBUG","RelWithDebInfo","none","1.83.0","unavailable",0
"queue_latency","spsc-padded",1024,1,1,4096,0,0.000,10000000,10000000,0,0,2.027,4439478.124,0.000,4741,954367,1048575,1064959,1081343,1092958,921878.109,0,0,0,0,0,"Intel(R) Xeon(R) Processor",8,"6.12.94+","Linux x86_64 / Ubuntu 24.04.4 LTS","g++ 13.3.0","-O2 -g -DNDEBUG","RelWithDebInfo","none","1.83.0","unavailable",0
"queue_latency","spsc-padded",1024,1,1,4096,0,0.000,10000000,10000000,0,0,2.028,4437387.475,0.000,170,958463,1056767,1064959,1081343,1161917,921024.846,0,0,0,0,0,"Intel(R) Xeon(R) Processor",8,"6.12.94+","Linux x86_64 / Ubuntu 24.04.4 LTS","g++ 13.3.0","-O2 -g -DNDEBUG","RelWithDebInfo","none","1.83.0","unavailable",0
"queue_latency","spsc-unpadded",1024,1,1,4096,0,0.000,10000000,10000000,0,0,1.338,6725416.176,0.000,4037,602111,655359,700415,749567,806752,585015.569,0,0,0,0,0,"Intel(R) Xeon(R) Processor",8,"6.12.94+","Linux x86_64 / Ubuntu 24.04.4 LTS","g++ 13.3.0","-O2 -g -DNDEBUG","RelWithDebInfo","none","1.83.0","unavailable",0
"queue_latency","spsc-unpadded",1024,1,1,4096,0,0.000,10000000,10000000,0,0,1.760,5114549.363,0.000,4678,811007,839679,856063,884735,940008,797634.819,0,0,0,0,0,"Intel(R) Xeon(R) Processor",8,"6.12.94+","Linux x86_64 / Ubuntu 24.04.4 LTS","g++ 13.3.0","-O2 -g -DNDEBUG","RelWithDebInfo","none","1.83.0","unavailable",0
"queue_latency","spsc-unpadded",1024,1,1,4096,0,0.000,10000000,10000000,0,0,1.332,6754318.052,0.000,4590,602111,655359,688127,737279,813962,582865.592,0,0,0,0,0,"Intel(R) Xeon(R) Processor",8,"6.12.94+","Linux x86_64 / Ubuntu 24.04.4 LTS","g++ 13.3.0","-O2 -g -DNDEBUG","RelWithDebInfo","none","1.83.0","unavailable",0
"queue_latency","mutex-queue",32,1,1,4096,1000000,0.000,3000000,3000000,0,0,2.700,1000003.624,0.000,210,1191,4255,5375,8255,319177,1613.669,0,0,0,0,0,"Intel(R) Xeon(R) Processor",8,"6.12.94+","Linux x86_64 / Ubuntu 24.04.4 LTS","g++ 13.3.0","-O2 -g -DNDEBUG","RelWithDebInfo","none","1.83.0","unavailable",0
"queue_latency","mutex-queue",32,1,1,4096,1000000,0.000,3000000,3000000,0,0,2.700,1000004.170,0.000,230,947,4191,5247,7935,324736,1514.365,0,0,0,0,0,"Intel(R) Xeon(R) Processor",8,"6.12.94+","Linux x86_64 / Ubuntu 24.04.4 LTS","g++ 13.3.0","-O2 -g -DNDEBUG","RelWithDebInfo","none","1.83.0","unavailable",0
"queue_latency","mutex-queue",32,1,1,4096,1000000,0.000,3000000,3000000,0,0,2.700,1000003.369,0.000,215,1063,4639,5439,7711,186949,1635.458,0,0,0,0,0,"Intel(R) Xeon(R) Processor",8,"6.12.94+","Linux x86_64 / Ubuntu 24.04.4 LTS","g++ 13.3.0","-O2 -g -DNDEBUG","RelWithDebInfo","none","1.83.0","unavailable",0
"queue_latency","spsc-padded",32,1,1,4096,1000000,0.000,3000000,3000000,0,0,2.700,1000001.626,0.000,195,349,375,391,659,15910,350.970,0,0,0,0,0,"Intel(R) Xeon(R) Processor",8,"6.12.94+","Linux x86_64 / Ubuntu 24.04.4 LTS","g++ 13.3.0","-O2 -g -DNDEBUG","RelWithDebInfo","none","1.83.0","unavailable",0
"queue_latency","spsc-padded",32,1,1,4096,1000000,0.000,3000000,3000000,0,0,2.700,1000001.403,0.000,133,341,367,455,683,18614,345.301,0,0,0,0,0,"Intel(R) Xeon(R) Processor",8,"6.12.94+","Linux x86_64 / Ubuntu 24.04.4 LTS","g++ 13.3.0","-O2 -g -DNDEBUG","RelWithDebInfo","none","1.83.0","unavailable",0
"queue_latency","spsc-padded",32,1,1,4096,1000000,0.000,3000000,3000000,0,0,2.700,1000003.605,0.000,120,349,377,399,671,11966,351.440,0,0,0,0,0,"Intel(R) Xeon(R) Processor",8,"6.12.94+","Linux x86_64 / Ubuntu 24.04.4 LTS","g++ 13.3.0","-O2 -g -DNDEBUG","RelWithDebInfo","none","1.83.0","unavailable",0
"queue_latency","spsc-unpadded",32,1,1,4096,1000000,0.000,3000000,3000000,0,0,2.700,1000003.980,0.000,171,379,405,421,575,16649,379.701,0,0,0,0,0,"Intel(R) Xeon(R) Processor",8,"6.12.94+","Linux x86_64 / Ubuntu 24.04.4 LTS","g++ 13.3.0","-O2 -g -DNDEBUG","RelWithDebInfo","none","1.83.0","unavailable",0
"queue_latency","spsc-unpadded",32,1,1,4096,1000000,0.000,3000000,3000000,0,0,2.700,1000001.290,0.000,189,385,415,435,627,15413,386.203,0,0,0,0,0,"Intel(R) Xeon(R) Processor",8,"6.12.94+","Linux x86_64 / Ubuntu 24.04.4 LTS","g++ 13.3.0","-O2 -g -DNDEBUG","RelWithDebInfo","none","1.83.0","unavailable",0
"queue_latency","spsc-unpadded",32,1,1,4096,1000000,0.000,3000000,3000000,0,0,2.700,1000004.226,0.000,158,375,403,419,571,27208,377.777,0,0,0,0,0,"Intel(R) Xeon(R) Processor",8,"6.12.94+","Linux x86_64 / Ubuntu 24.04.4 LTS","g++ 13.3.0","-O2 -g -DNDEBUG","RelWithDebInfo","none","1.83.0","unavailable",0
"queue_latency","mutex-queue",64,1,1,4096,1000000,0.000,3000000,3000000,0,0,2.700,1000001.269,0.000,71,2815,6687,9023,12095,463842,2962.492,0,0,0,0,0,"Intel(R) Xeon(R) Processor",8,"6.12.94+","Linux x86_64 / Ubuntu 24.04.4 LTS","g++ 13.3.0","-O2 -g -DNDEBUG","RelWithDebInfo","none","1.83.0","unavailable",0
"queue_latency","mutex-queue",64,1,1,4096,1000000,0.000,3000000,3000000,0,0,2.700,1000002.196,0.000,228,2543,5215,7391,9599,126111,2510.021,0,0,0,0,0,"Intel(R) Xeon(R) Processor",8,"6.12.94+","Linux x86_64 / Ubuntu 24.04.4 LTS","g++ 13.3.0","-O2 -g -DNDEBUG","RelWithDebInfo","none","1.83.0","unavailable",0
"queue_latency","mutex-queue",64,1,1,4096,1000000,0.000,3000000,3000000,0,0,2.700,1000003.556,0.000,234,1967,5023,6783,9919,222338,2376.878,0,0,0,0,0,"Intel(R) Xeon(R) Processor",8,"6.12.94+","Linux x86_64 / Ubuntu 24.04.4 LTS","g++ 13.3.0","-O2 -g -DNDEBUG","RelWithDebInfo","none","1.83.0","unavailable",0
"queue_latency","spsc-padded",64,1,1,4096,1000000,0.000,3000000,3000000,0,0,2.700,1000000.918,0.000,172,337,365,389,787,14736,340.692,0,0,0,0,0,"Intel(R) Xeon(R) Processor",8,"6.12.94+","Linux x86_64 / Ubuntu 24.04.4 LTS","g++ 13.3.0","-O2 -g -DNDEBUG","RelWithDebInfo","none","1.83.0","unavailable",0
"queue_latency","spsc-padded",64,1,1,4096,1000000,0.000,3000000,3000000,0,0,2.700,1000003.433,0.000,174,407,451,473,775,16821,405.300,0,0,0,0,0,"Intel(R) Xeon(R) Processor",8,"6.12.94+","Linux x86_64 / Ubuntu 24.04.4 LTS","g++ 13.3.0","-O2 -g -DNDEBUG","RelWithDebInfo","none","1.83.0","unavailable",0
"queue_latency","spsc-padded",64,1,1,4096,1000000,0.000,3000000,3000000,0,0,2.700,1000002.228,0.000,159,411,439,461,715,16190,412.883,0,0,0,0,0,"Intel(R) Xeon(R) Processor",8,"6.12.94+","Linux x86_64 / Ubuntu 24.04.4 LTS","g++ 13.3.0","-O2 -g -DNDEBUG","RelWithDebInfo","none","1.83.0","unavailable",0
"queue_latency","spsc-unpadded",64,1,1,4096,1000000,0.000,3000000,3000000,0,0,2.700,1000001.533,0.000,164,409,439,459,1407,959443,588.089,0,0,0,0,0,"Intel(R) Xeon(R) Processor",8,"6.12.94+","Linux x86_64 / Ubuntu 24.04.4 LTS","g++ 13.3.0","-O2 -g -DNDEBUG","RelWithDebInfo","none","1.83.0","unavailable",0
"queue_latency","spsc-unpadded",64,1,1,4096,1000000,0.000,3000000,3000000,0,0,2.700,1000003.904,0.000,166,461,487,511,771,35890,455.645,0,0,0,0,0,"Intel(R) Xeon(R) Processor",8,"6.12.94+","Linux x86_64 / Ubuntu 24.04.4 LTS","g++ 13.3.0","-O2 -g -DNDEBUG","RelWithDebInfo","none","1.83.0","unavailable",0
"queue_latency","spsc-unpadded",64,1,1,4096,1000000,0.000,3000000,3000000,0,0,2.700,1000001.533,0.000,182,453,475,495,591,15068,447.329,0,0,0,0,0,"Intel(R) Xeon(R) Processor",8,"6.12.94+","Linux x86_64 / Ubuntu 24.04.4 LTS","g++ 13.3.0","-O2 -g -DNDEBUG","RelWithDebInfo","none","1.83.0","unavailable",0
"queue_latency","mutex-queue",128,1,1,4096,1000000,0.000,3000000,3000000,0,0,2.700,1000001.759,0.000,215,2991,7935,11071,15487,159922,3419.527,0,0,0,0,0,"Intel(R) Xeon(R) Processor",8,"6.12.94+","Linux x86_64 / Ubuntu 24.04.4 LTS","g++ 13.3.0","-O2 -g -DNDEBUG","RelWithDebInfo","none","1.83.0","unavailable",0
"queue_latency","mutex-queue",128,1,1,4096,1000000,0.000,3000000,3000000,0,0,2.700,999998.288,0.000,222,3375,8383,11583,17663,219789,3811.022,0,0,0,0,0,"Intel(R) Xeon(R) Processor",8,"6.12.94+","Linux x86_64 / Ubuntu 24.04.4 LTS","g++ 13.3.0","-O2 -g -DNDEBUG","RelWithDebInfo","none","1.83.0","unavailable",0
"queue_latency","mutex-queue",128,1,1,4096,1000000,0.000,3000000,3000000,0,0,2.700,1000001.219,0.000,216,2975,7615,9855,13951,195618,3384.487,0,0,0,0,0,"Intel(R) Xeon(R) Processor",8,"6.12.94+","Linux x86_64 / Ubuntu 24.04.4 LTS","g++ 13.3.0","-O2 -g -DNDEBUG","RelWithDebInfo","none","1.83.0","unavailable",0
"queue_latency","spsc-padded",128,1,1,4096,1000000,0.000,3000000,3000000,0,0,2.700,1000001.816,0.000,181,431,473,501,603,14820,432.871,0,0,0,0,0,"Intel(R) Xeon(R) Processor",8,"6.12.94+","Linux x86_64 / Ubuntu 24.04.4 LTS","g++ 13.3.0","-O2 -g -DNDEBUG","RelWithDebInfo","none","1.83.0","unavailable",0
"queue_latency","spsc-padded",128,1,1,4096,1000000,0.000,3000000,3000000,0,0,2.700,1000002.594,0.000,170,399,435,461,739,24042,403.344,0,0,0,0,0,"Intel(R) Xeon(R) Processor",8,"6.12.94+","Linux x86_64 / Ubuntu 24.04.4 LTS","g++ 13.3.0","-O2 -g -DNDEBUG","RelWithDebInfo","none","1.83.0","unavailable",0
"queue_latency","spsc-padded",128,1,1,4096,1000000,0.000,3000000,3000000,0,0,2.700,1000002.389,0.000,153,407,447,543,1415,28603,412.344,0,0,0,0,0,"Intel(R) Xeon(R) Processor",8,"6.12.94+","Linux x86_64 / Ubuntu 24.04.4 LTS","g++ 13.3.0","-O2 -g -DNDEBUG","RelWithDebInfo","none","1.83.0","unavailable",0
"queue_latency","spsc-unpadded",128,1,1,4096,1000000,0.000,3000000,3000000,0,0,2.700,1000002.430,0.000,155,411,445,511,1351,141998,417.073,0,0,0,0,0,"Intel(R) Xeon(R) Processor",8,"6.12.94+","Linux x86_64 / Ubuntu 24.04.4 LTS","g++ 13.3.0","-O2 -g -DNDEBUG","RelWithDebInfo","none","1.83.0","unavailable",0
"queue_latency","spsc-unpadded",128,1,1,4096,1000000,0.000,3000000,3000000,0,0,2.700,1000002.851,0.000,177,423,473,515,871,153874,429.517,0,0,0,0,0,"Intel(R) Xeon(R) Processor",8,"6.12.94+","Linux x86_64 / Ubuntu 24.04.4 LTS","g++ 13.3.0","-O2 -g -DNDEBUG","RelWithDebInfo","none","1.83.0","unavailable",0
"queue_latency","spsc-unpadded",128,1,1,4096,1000000,0.000,3000000,3000000,0,0,2.700,1000001.855,0.000,182,415,455,511,943,332464,442.027,0,0,0,0,0,"Intel(R) Xeon(R) Processor",8,"6.12.94+","Linux x86_64 / Ubuntu 24.04.4 LTS","g++ 13.3.0","-O2 -g -DNDEBUG","RelWithDebInfo","none","1.83.0","unavailable",0
"queue_latency","mutex-queue",256,1,1,4096,1000000,0.000,3000000,3000000,0,0,2.700,1000003.723,0.000,287,8959,24831,38399,94207,682021,10886.859,0,0,0,0,0,"Intel(R) Xeon(R) Processor",8,"6.12.94+","Linux x86_64 / Ubuntu 24.04.4 LTS","g++ 13.3.0","-O2 -g -DNDEBUG","RelWithDebInfo","none","1.83.0","unavailable",0
"queue_latency","mutex-queue",256,1,1,4096,1000000,0.000,3000000,3000000,0,0,2.700,1000006.196,0.000,245,8255,20735,31103,60415,527680,9495.115,0,0,0,0,0,"Intel(R) Xeon(R) Processor",8,"6.12.94+","Linux x86_64 / Ubuntu 24.04.4 LTS","g++ 13.3.0","-O2 -g -DNDEBUG","RelWithDebInfo","none","1.83.0","unavailable",0
"queue_latency","mutex-queue",256,1,1,4096,1000000,0.000,3000000,3000000,0,0,2.700,1000004.411,0.000,237,5983,15807,23807,39935,215373,7232.939,0,0,0,0,0,"Intel(R) Xeon(R) Processor",8,"6.12.94+","Linux x86_64 / Ubuntu 24.04.4 LTS","g++ 13.3.0","-O2 -g -DNDEBUG","RelWithDebInfo","none","1.83.0","unavailable",0
"queue_latency","spsc-padded",256,1,1,4096,1000000,0.000,3000000,3000000,0,0,2.700,1000004.409,0.000,131,351,385,427,867,28510,356.666,0,0,0,0,0,"Intel(R) Xeon(R) Processor",8,"6.12.94+","Linux x86_64 / Ubuntu 24.04.4 LTS","g++ 13.3.0","-O2 -g -DNDEBUG","RelWithDebInfo","none","1.83.0","unavailable",0
"queue_latency","spsc-padded",256,1,1,4096,1000000,0.000,3000000,3000000,0,0,2.700,1000004.699,0.000,160,393,467,527,863,29042,397.673,0,0,0,0,0,"Intel(R) Xeon(R) Processor",8,"6.12.94+","Linux x86_64 / Ubuntu 24.04.4 LTS","g++ 13.3.0","-O2 -g -DNDEBUG","RelWithDebInfo","none","1.83.0","unavailable",0
"queue_latency","spsc-padded",256,1,1,4096,1000000,0.000,3000000,3000000,0,0,2.700,1000004.537,0.000,176,459,519,559,979,217372,463.419,0,0,0,0,0,"Intel(R) Xeon(R) Processor",8,"6.12.94+","Linux x86_64 / Ubuntu 24.04.4 LTS","g++ 13.3.0","-O2 -g -DNDEBUG","RelWithDebInfo","none","1.83.0","unavailable",0
"queue_latency","spsc-unpadded",256,1,1,4096,1000000,0.000,3000000,3000000,0,0,2.700,1000001.573,0.000,184,447,505,539,839,22072,448.995,0,0,0,0,0,"Intel(R) Xeon(R) Processor",8,"6.12.94+","Linux x86_64 / Ubuntu 24.04.4 LTS","g++ 13.3.0","-O2 -g -DNDEBUG","RelWithDebInfo","none","1.83.0","unavailable",0
"queue_latency","spsc-unpadded",256,1,1,4096,1000000,0.000,3000000,3000000,0,0,2.700,1000002.403,0.000,169,459,487,505,615,32125,453.311,0,0,0,0,0,"Intel(R) Xeon(R) Processor",8,"6.12.94+","Linux x86_64 / Ubuntu 24.04.4 LTS","g++ 13.3.0","-O2 -g -DNDEBUG","RelWithDebInfo","none","1.83.0","unavailable",0
"queue_latency","spsc-unpadded",256,1,1,4096,1000000,0.000,3000000,3000000,0,0,2.700,1000001.110,0.000,194,459,485,505,855,811930,585.829,0,0,0,0,0,"Intel(R) Xeon(R) Processor",8,"6.12.94+","Linux x86_64 / Ubuntu 24.04.4 LTS","g++ 13.3.0","-O2 -g -DNDEBUG","RelWithDebInfo","none","1.83.0","unavailable",0
"queue_latency","mutex-queue",1024,1,1,4096,1000000,0.000,3000000,3000000,0,0,2.700,1000005.266,0.000,880,10111,33023,49919,75775,231603,13195.012,0,0,0,0,0,"Intel(R) Xeon(R) Processor",8,"6.12.94+","Linux x86_64 / Ubuntu 24.04.4 LTS","g++ 13.3.0","-O2 -g -DNDEBUG","RelWithDebInfo","none","1.83.0","unavailable",0
"queue_latency","mutex-queue",1024,1,1,4096,1000000,0.000,3000000,3000000,0,0,2.700,1000005.083,0.000,1310,12799,44799,71679,121343,191135,17010.425,0,0,0,0,0,"Intel(R) Xeon(R) Processor",8,"6.12.94+","Linux x86_64 / Ubuntu 24.04.4 LTS","g++ 13.3.0","-O2 -g -DNDEBUG","RelWithDebInfo","none","1.83.0","unavailable",0
"queue_latency","mutex-queue",1024,1,1,4096,1000000,0.000,3000000,3000000,0,0,2.700,1000001.768,0.000,822,11327,44031,72703,125439,299109,15915.355,0,0,0,0,0,"Intel(R) Xeon(R) Processor",8,"6.12.94+","Linux x86_64 / Ubuntu 24.04.4 LTS","g++ 13.3.0","-O2 -g -DNDEBUG","RelWithDebInfo","none","1.83.0","unavailable",0
"queue_latency","spsc-padded",1024,1,1,4096,1000000,0.000,3000000,3000000,0,0,2.700,1000002.819,0.000,166,337,439,495,703,24557,359.159,0,0,0,0,0,"Intel(R) Xeon(R) Processor",8,"6.12.94+","Linux x86_64 / Ubuntu 24.04.4 LTS","g++ 13.3.0","-O2 -g -DNDEBUG","RelWithDebInfo","none","1.83.0","unavailable",0
"queue_latency","spsc-padded",1024,1,1,4096,1000000,0.000,3000000,3000000,0,0,2.700,1000001.753,0.000,168,407,459,497,767,54441,403.093,0,0,0,0,0,"Intel(R) Xeon(R) Processor",8,"6.12.94+","Linux x86_64 / Ubuntu 24.04.4 LTS","g++ 13.3.0","-O2 -g -DNDEBUG","RelWithDebInfo","none","1.83.0","unavailable",0
"queue_latency","spsc-padded",1024,1,1,4096,1000000,0.000,3000000,3000000,0,0,2.700,1000004.242,0.000,180,435,479,499,731,94787,426.656,0,0,0,0,0,"Intel(R) Xeon(R) Processor",8,"6.12.94+","Linux x86_64 / Ubuntu 24.04.4 LTS","g++ 13.3.0","-O2 -g -DNDEBUG","RelWithDebInfo","none","1.83.0","unavailable",0
"queue_latency","spsc-unpadded",1024,1,1,4096,1000000,0.000,3000000,3000000,0,0,2.700,1000003.837,0.000,184,393,435,481,687,26528,382.482,0,0,0,0,0,"Intel(R) Xeon(R) Processor",8,"6.12.94+","Linux x86_64 / Ubuntu 24.04.4 LTS","g++ 13.3.0","-O2 -g -DNDEBUG","RelWithDebInfo","none","1.83.0","unavailable",0
"queue_latency","spsc-unpadded",1024,1,1,4096,1000000,0.000,3000000,3000000,0,0,2.700,1000003.319,0.000,177,415,447,485,731,34145,418.490,0,0,0,0,0,"Intel(R) Xeon(R) Processor",8,"6.12.94+","Linux x86_64 / Ubuntu 24.04.4 LTS","g++ 13.3.0","-O2 -g -DNDEBUG","RelWithDebInfo","none","1.83.0","unavailable",0
"queue_latency","spsc-unpadded",1024,1,1,4096,1000000,0.000,3000000,3000000,0,0,2.700,1000001.699,0.000,169,393,433,479,627,28035,381.245,0,0,0,0,0,"Intel(R) Xeon(R) Processor",8,"6.12.94+","Linux x86_64 / Ubuntu 24.04.4 LTS","g++ 13.3.0","-O2 -g -DNDEBUG","RelWithDebInfo","none","1.83.0","unavailable",0
"queue_throughput","mutex-queue",64,1,1,64,0,0.000,10000000,10000000,0,0,1.671,5386718.546,0.000,0,0,0,0,0,0,0.000,0,0,0,0,0,"Intel(R) Xeon(R) Processor",8,"6.12.94+","Linux x86_64 / Ubuntu 24.04.4 LTS","g++ 13.3.0","-O2 -g -DNDEBUG","RelWithDebInfo","none","1.83.0","unavailable",0
"queue_throughput","mutex-queue",64,1,1,64,0,0.000,10000000,10000000,0,0,1.703,5284120.002,0.000,0,0,0,0,0,0,0.000,0,0,0,0,0,"Intel(R) Xeon(R) Processor",8,"6.12.94+","Linux x86_64 / Ubuntu 24.04.4 LTS","g++ 13.3.0","-O2 -g -DNDEBUG","RelWithDebInfo","none","1.83.0","unavailable",0
"queue_throughput","mutex-queue",64,1,1,64,0,0.000,10000000,10000000,0,0,1.820,4944917.240,0.000,0,0,0,0,0,0,0.000,0,0,0,0,0,"Intel(R) Xeon(R) Processor",8,"6.12.94+","Linux x86_64 / Ubuntu 24.04.4 LTS","g++ 13.3.0","-O2 -g -DNDEBUG","RelWithDebInfo","none","1.83.0","unavailable",0
"queue_throughput","spsc-padded",64,1,1,64,0,0.000,10000000,10000000,0,0,0.597,15084224.249,0.000,0,0,0,0,0,0,0.000,0,0,0,0,0,"Intel(R) Xeon(R) Processor",8,"6.12.94+","Linux x86_64 / Ubuntu 24.04.4 LTS","g++ 13.3.0","-O2 -g -DNDEBUG","RelWithDebInfo","none","1.83.0","unavailable",0
"queue_throughput","spsc-padded",64,1,1,64,0,0.000,10000000,10000000,0,0,0.691,13028052.443,0.000,0,0,0,0,0,0,0.000,0,0,0,0,0,"Intel(R) Xeon(R) Processor",8,"6.12.94+","Linux x86_64 / Ubuntu 24.04.4 LTS","g++ 13.3.0","-O2 -g -DNDEBUG","RelWithDebInfo","none","1.83.0","unavailable",0
"queue_throughput","spsc-padded",64,1,1,64,0,0.000,10000000,10000000,0,0,0.606,14852822.197,0.000,0,0,0,0,0,0,0.000,0,0,0,0,0,"Intel(R) Xeon(R) Processor",8,"6.12.94+","Linux x86_64 / Ubuntu 24.04.4 LTS","g++ 13.3.0","-O2 -g -DNDEBUG","RelWithDebInfo","none","1.83.0","unavailable",0
"queue_throughput","spsc-unpadded",64,1,1,64,0,0.000,10000000,10000000,0,0,0.566,15894686.582,0.000,0,0,0,0,0,0,0.000,0,0,0,0,0,"Intel(R) Xeon(R) Processor",8,"6.12.94+","Linux x86_64 / Ubuntu 24.04.4 LTS","g++ 13.3.0","-O2 -g -DNDEBUG","RelWithDebInfo","none","1.83.0","unavailable",0
"queue_throughput","spsc-unpadded",64,1,1,64,0,0.000,10000000,10000000,0,0,0.492,18296635.074,0.000,0,0,0,0,0,0,0.000,0,0,0,0,0,"Intel(R) Xeon(R) Processor",8,"6.12.94+","Linux x86_64 / Ubuntu 24.04.4 LTS","g++ 13.3.0","-O2 -g -DNDEBUG","RelWithDebInfo","none","1.83.0","unavailable",0
"queue_throughput","spsc-unpadded",64,1,1,64,0,0.000,10000000,10000000,0,0,0.502,17937203.537,0.000,0,0,0,0,0,0,0.000,0,0,0,0,0,"Intel(R) Xeon(R) Processor",8,"6.12.94+","Linux x86_64 / Ubuntu 24.04.4 LTS","g++ 13.3.0","-O2 -g -DNDEBUG","RelWithDebInfo","none","1.83.0","unavailable",0
"queue_throughput","mutex-queue",64,1,1,1024,0,0.000,10000000,10000000,0,0,1.319,6824578.030,0.000,0,0,0,0,0,0,0.000,0,0,0,0,0,"Intel(R) Xeon(R) Processor",8,"6.12.94+","Linux x86_64 / Ubuntu 24.04.4 LTS","g++ 13.3.0","-O2 -g -DNDEBUG","RelWithDebInfo","none","1.83.0","unavailable",0
"queue_throughput","mutex-queue",64,1,1,1024,0,0.000,10000000,10000000,0,0,1.295,6950080.364,0.000,0,0,0,0,0,0,0.000,0,0,0,0,0,"Intel(R) Xeon(R) Processor",8,"6.12.94+","Linux x86_64 / Ubuntu 24.04.4 LTS","g++ 13.3.0","-O2 -g -DNDEBUG","RelWithDebInfo","none","1.83.0","unavailable",0
"queue_throughput","mutex-queue",64,1,1,1024,0,0.000,10000000,10000000,0,0,1.329,6771269.916,0.000,0,0,0,0,0,0,0.000,0,0,0,0,0,"Intel(R) Xeon(R) Processor",8,"6.12.94+","Linux x86_64 / Ubuntu 24.04.4 LTS","g++ 13.3.0","-O2 -g -DNDEBUG","RelWithDebInfo","none","1.83.0","unavailable",0
"queue_throughput","spsc-padded",64,1,1,1024,0,0.000,10000000,10000000,0,0,0.496,18150808.497,0.000,0,0,0,0,0,0,0.000,0,0,0,0,0,"Intel(R) Xeon(R) Processor",8,"6.12.94+","Linux x86_64 / Ubuntu 24.04.4 LTS","g++ 13.3.0","-O2 -g -DNDEBUG","RelWithDebInfo","none","1.83.0","unavailable",0
"queue_throughput","spsc-padded",64,1,1,1024,0,0.000,10000000,10000000,0,0,0.523,17221104.264,0.000,0,0,0,0,0,0,0.000,0,0,0,0,0,"Intel(R) Xeon(R) Processor",8,"6.12.94+","Linux x86_64 / Ubuntu 24.04.4 LTS","g++ 13.3.0","-O2 -g -DNDEBUG","RelWithDebInfo","none","1.83.0","unavailable",0
"queue_throughput","spsc-padded",64,1,1,1024,0,0.000,10000000,10000000,0,0,0.476,18899123.177,0.000,0,0,0,0,0,0,0.000,0,0,0,0,0,"Intel(R) Xeon(R) Processor",8,"6.12.94+","Linux x86_64 / Ubuntu 24.04.4 LTS","g++ 13.3.0","-O2 -g -DNDEBUG","RelWithDebInfo","none","1.83.0","unavailable",0
"queue_throughput","spsc-unpadded",64,1,1,1024,0,0.000,10000000,10000000,0,0,0.534,16841555.964,0.000,0,0,0,0,0,0,0.000,0,0,0,0,0,"Intel(R) Xeon(R) Processor",8,"6.12.94+","Linux x86_64 / Ubuntu 24.04.4 LTS","g++ 13.3.0","-O2 -g -DNDEBUG","RelWithDebInfo","none","1.83.0","unavailable",0
"queue_throughput","spsc-unpadded",64,1,1,1024,0,0.000,10000000,10000000,0,0,0.520,17293988.983,0.000,0,0,0,0,0,0,0.000,0,0,0,0,0,"Intel(R) Xeon(R) Processor",8,"6.12.94+","Linux x86_64 / Ubuntu 24.04.4 LTS","g++ 13.3.0","-O2 -g -DNDEBUG","RelWithDebInfo","none","1.83.0","unavailable",0
"queue_throughput","spsc-unpadded",64,1,1,1024,0,0.000,10000000,10000000,0,0,0.533,16881955.936,0.000,0,0,0,0,0,0,0.000,0,0,0,0,0,"Intel(R) Xeon(R) Processor",8,"6.12.94+","Linux x86_64 / Ubuntu 24.04.4 LTS","g++ 13.3.0","-O2 -g -DNDEBUG","RelWithDebInfo","none","1.83.0","unavailable",0
"queue_throughput","mutex-queue",64,1,1,65536,0,0.000,10000000,10000000,0,0,1.364,6596193.391,0.000,0,0,0,0,0,0,0.000,0,0,0,0,0,"Intel(R) Xeon(R) Processor",8,"6.12.94+","Linux x86_64 / Ubuntu 24.04.4 LTS","g++ 13.3.0","-O2 -g -DNDEBUG","RelWithDebInfo","none","1.83.0","unavailable",0
"queue_throughput","mutex-queue",64,1,1,65536,0,0.000,10000000,10000000,0,0,1.185,7594064.084,0.000,0,0,0,0,0,0,0.000,0,0,0,0,0,"Intel(R) Xeon(R) Processor",8,"6.12.94+","Linux x86_64 / Ubuntu 24.04.4 LTS","g++ 13.3.0","-O2 -g -DNDEBUG","RelWithDebInfo","none","1.83.0","unavailable",0
"queue_throughput","mutex-queue",64,1,1,65536,0,0.000,10000000,10000000,0,0,1.316,6840783.180,0.000,0,0,0,0,0,0,0.000,0,0,0,0,0,"Intel(R) Xeon(R) Processor",8,"6.12.94+","Linux x86_64 / Ubuntu 24.04.4 LTS","g++ 13.3.0","-O2 -g -DNDEBUG","RelWithDebInfo","none","1.83.0","unavailable",0
"queue_throughput","spsc-padded",64,1,1,65536,0,0.000,10000000,10000000,0,0,0.483,18640494.010,0.000,0,0,0,0,0,0,0.000,0,0,0,0,0,"Intel(R) Xeon(R) Processor",8,"6.12.94+","Linux x86_64 / Ubuntu 24.04.4 LTS","g++ 13.3.0","-O2 -g -DNDEBUG","RelWithDebInfo","none","1.83.0","unavailable",0
"queue_throughput","spsc-padded",64,1,1,65536,0,0.000,10000000,10000000,0,0,0.573,15716596.543,0.000,0,0,0,0,0,0,0.000,0,0,0,0,0,"Intel(R) Xeon(R) Processor",8,"6.12.94+","Linux x86_64 / Ubuntu 24.04.4 LTS","g++ 13.3.0","-O2 -g -DNDEBUG","RelWithDebInfo","none","1.83.0","unavailable",0
"queue_throughput","spsc-padded",64,1,1,65536,0,0.000,10000000,10000000,0,0,0.439,20514978.338,0.000,0,0,0,0,0,0,0.000,0,0,0,0,0,"Intel(R) Xeon(R) Processor",8,"6.12.94+","Linux x86_64 / Ubuntu 24.04.4 LTS","g++ 13.3.0","-O2 -g -DNDEBUG","RelWithDebInfo","none","1.83.0","unavailable",0
"queue_throughput","spsc-unpadded",64,1,1,65536,0,0.000,10000000,10000000,0,0,0.516,17437564.066,0.000,0,0,0,0,0,0,0.000,0,0,0,0,0,"Intel(R) Xeon(R) Processor",8,"6.12.94+","Linux x86_64 / Ubuntu 24.04.4 LTS","g++ 13.3.0","-O2 -g -DNDEBUG","RelWithDebInfo","none","1.83.0","unavailable",0
"queue_throughput","spsc-unpadded",64,1,1,65536,0,0.000,10000000,10000000,0,0,0.496,18145141.097,0.000,0,0,0,0,0,0,0.000,0,0,0,0,0,"Intel(R) Xeon(R) Processor",8,"6.12.94+","Linux x86_64 / Ubuntu 24.04.4 LTS","g++ 13.3.0","-O2 -g -DNDEBUG","RelWithDebInfo","none","1.83.0","unavailable",0
"queue_throughput","spsc-unpadded",64,1,1,65536,0,0.000,10000000,10000000,0,0,0.521,17270994.599,0.000,0,0,0,0,0,0,0.000,0,0,0,0,0,"Intel(R) Xeon(R) Processor",8,"6.12.94+","Linux x86_64 / Ubuntu 24.04.4 LTS","g++ 13.3.0","-O2 -g -DNDEBUG","RelWithDebInfo","none","1.83.0","unavailable",0
"queue_throughput","mutex-queue",64,1,1,1048576,0,0.000,10000000,10000000,0,0,1.180,7630177.835,0.000,0,0,0,0,0,0,0.000,0,0,0,0,0,"Intel(R) Xeon(R) Processor",8,"6.12.94+","Linux x86_64 / Ubuntu 24.04.4 LTS","g++ 13.3.0","-O2 -g -DNDEBUG","RelWithDebInfo","none","1.83.0","unavailable",0
"queue_throughput","mutex-queue",64,1,1,1048576,0,0.000,10000000,10000000,0,0,1.221,7369851.336,0.000,0,0,0,0,0,0,0.000,0,0,0,0,0,"Intel(R) Xeon(R) Processor",8,"6.12.94+","Linux x86_64 / Ubuntu 24.04.4 LTS","g++ 13.3.0","-O2 -g -DNDEBUG","RelWithDebInfo","none","1.83.0","unavailable",0
"queue_throughput","mutex-queue",64,1,1,1048576,0,0.000,10000000,10000000,0,0,1.307,6884440.737,0.000,0,0,0,0,0,0,0.000,0,0,0,0,0,"Intel(R) Xeon(R) Processor",8,"6.12.94+","Linux x86_64 / Ubuntu 24.04.4 LTS","g++ 13.3.0","-O2 -g -DNDEBUG","RelWithDebInfo","none","1.83.0","unavailable",0
"queue_throughput","spsc-padded",64,1,1,1048576,0,0.000,10000000,10000000,0,0,0.430,20913659.310,0.000,0,0,0,0,0,0,0.000,0,0,0,0,0,"Intel(R) Xeon(R) Processor",8,"6.12.94+","Linux x86_64 / Ubuntu 24.04.4 LTS","g++ 13.3.0","-O2 -g -DNDEBUG","RelWithDebInfo","none","1.83.0","unavailable",0
"queue_throughput","spsc-padded",64,1,1,1048576,0,0.000,10000000,10000000,0,0,0.433,20792467.663,0.000,0,0,0,0,0,0,0.000,0,0,0,0,0,"Intel(R) Xeon(R) Processor",8,"6.12.94+","Linux x86_64 / Ubuntu 24.04.4 LTS","g++ 13.3.0","-O2 -g -DNDEBUG","RelWithDebInfo","none","1.83.0","unavailable",0
"queue_throughput","spsc-padded",64,1,1,1048576,0,0.000,10000000,10000000,0,0,0.431,20874196.845,0.000,0,0,0,0,0,0,0.000,0,0,0,0,0,"Intel(R) Xeon(R) Processor",8,"6.12.94+","Linux x86_64 / Ubuntu 24.04.4 LTS","g++ 13.3.0","-O2 -g -DNDEBUG","RelWithDebInfo","none","1.83.0","unavailable",0
"queue_throughput","spsc-unpadded",64,1,1,1048576,0,0.000,10000000,10000000,0,0,0.504,17843834.012,0.000,0,0,0,0,0,0,0.000,0,0,0,0,0,"Intel(R) Xeon(R) Processor",8,"6.12.94+","Linux x86_64 / Ubuntu 24.04.4 LTS","g++ 13.3.0","-O2 -g -DNDEBUG","RelWithDebInfo","none","1.83.0","unavailable",0
"queue_throughput","spsc-unpadded",64,1,1,1048576,0,0.000,10000000,10000000,0,0,0.508,17732026.627,0.000,0,0,0,0,0,0,0.000,0,0,0,0,0,"Intel(R) Xeon(R) Processor",8,"6.12.94+","Linux x86_64 / Ubuntu 24.04.4 LTS","g++ 13.3.0","-O2 -g -DNDEBUG","RelWithDebInfo","none","1.83.0","unavailable",0
"queue_throughput","spsc-unpadded",64,1,1,1048576,0,0.000,10000000,10000000,0,0,0.506,17769559.098,0.000,0,0,0,0,0,0,0.000,0,0,0,0,0,"Intel(R) Xeon(R) Processor",8,"6.12.94+","Linux x86_64 / Ubuntu 24.04.4 LTS","g++ 13.3.0","-O2 -g -DNDEBUG","RelWithDebInfo","none","1.83.0","unavailable",0
