at_s,received,throughput_msg_s,p50_ns,p99_ns,p999_ns,max_ns,dropped,egress_depth,allocations,resident_kib
15.000,4498687,299912.467,16511,24447,26751,3278305,0,680,48,22140
30.000,4499999,299999.932,17279,25855,29311,207406,0,680,0,22140
45.000,4499951,299996.698,18047,26623,30335,101842,0,680,0,22148
60.000,4500049,300003.266,18047,26751,30975,838718,0,680,0,22148
75.000,4499999,299999.932,18175,26879,30975,174382,0,680,0,22148
90.000,4500002,300000.121,18175,26751,30847,128921,0,680,0,22148
105.000,4500001,300000.022,17791,26111,30079,212565,0,680,0,22148
120.000,4500000,300000.000,17535,25855,29439,839024,0,680,0,22148
135.000,4500001,300000.058,17407,25727,29439,145078,0,680,0,22148
150.000,4500000,299999.983,18047,26495,30207,287240,0,680,0,22148
165.000,4500001,300000.065,18047,26239,29695,254594,0,680,0,22148
180.000,4499998,299999.865,17919,26111,29311,113605,0,680,0,22148
195.000,4500002,300000.123,18047,26111,29567,952493,0,680,0,22148
210.000,4499999,299999.865,17919,26367,30335,99202,0,680,0,22148
225.000,4500001,300000.042,17919,26111,29567,105536,0,680,0,22148
240.000,4499999,299999.933,18047,26367,29951,97001,0,680,0,22148
255.000,4500002,300000.114,17919,26239,29951,836986,0,680,0,22148
270.000,4499999,299999.931,18175,26751,31103,92856,0,680,0,22152
285.000,4500001,300000.066,18047,26495,30335,95833,0,680,0,22152
300.000,4500001,300000.063,18047,26495,30463,79613,0,680,0,22152
